{"accuracy": [0.8698652386665344, 0.930989146232605, 0.9461058378219604, 0.9566217660903931, 0.9592507481575012, 0.9700952768325806, 0.9737101793289185, 0.9786394834518433], "loss": [0.30780550837516785, 0.18017825484275818, 0.15163829922676086, 0.11222394555807114, 0.10349234938621521, 0.07975340634584427, 0.07497197389602661, 0.05996350198984146], "val_accuracy": [0.852437436580658, 0.8853754997253418, 0.9143610000610352, 0.9051383137702942, 0.9104084372520447, 0.8787878751754761, 0.8893280625343323, 0.9183135628700256], "val_loss": [0.30195870995521545, 0.2752538025379181, 0.23486199975013733, 0.26642894744873047, 0.2750319838523865, 0.41200846433639526, 0.3837793469429016, 0.3140592575073242]}