{"accuracy": [0.8828358054161072, 0.9298507571220398, 0.9425373077392578, 0.9462686777114868, 0.9547263383865356, 0.9606965184211731, 0.9644278883934021, 0.9659203886985779, 0.9634328484535217, 0.9711442589759827, 0.9703980088233948, 0.9771144390106201, 0.9746268391609192, 0.9763681888580322, 0.9753731489181519, 0.9808457493782043, 0.9825870394706726, 0.9808457493782043], "loss": [0.2723389267921448, 0.17815834283828735, 0.14486555755138397, 0.14142638444900513, 0.12096695601940155, 0.10102999955415726, 0.0937771424651146, 0.0906648263335228, 0.09010950475931168, 0.07888087630271912, 0.07683326303958893, 0.06853732466697693, 0.07273469865322113, 0.06172473728656769, 0.06301534920930862, 0.05207148566842079, 0.050578147172927856, 0.052177514880895615], "val_accuracy": [0.7796609997749329, 0.8255234360694885, 0.8225324153900146, 0.8045862317085266, 0.8315054774284363, 0.8514456748962402, 0.8803589344024658, 0.8703888058662415, 0.8654037714004517, 0.8504486680030823, 0.8354935050010681, 0.8743768930435181, 0.8544366955757141, 0.858424723148346, 0.8973080515861511, 0.858424723148346, 0.8693917989730835, 0.8853439688682556], "val_loss": [0.513978898525238, 0.38016751408576965, 0.42288485169410706, 0.4890545904636383, 0.40785080194473267, 0.3672066628932953, 0.3702091574668884, 0.3299666941165924, 0.3556201756000519, 0.40274420380592346, 0.40300512313842773, 0.37297648191452026, 0.4258687198162079, 0.38585057854652405, 0.337826132774353, 0.41671785712242126, 0.41511866450309753, 0.3553752899169922]}